brand,asin,title,luggage_size,is_combo,price,mrp,discount_pct,rating,review_count,scraped_at,size_category
Safari,B097BG27MD,"Safari Pentagon Pro 8 Wheels 55Cm Cabin Trolley Bag Hard Case Polypropylene, 360º Wheeling Carry On Luggage for Men & Women, Travel Suitcase, Cyan",55cm,False,1699.0,8999.0,81.1,4.2,33739,2026-04-02T11:35:27Z,Cabin
Safari,B0FLYJD912,"Safari Genius Alley Set of 2 (Cabin + Medium) Trolley Bags Hard Case Polypropylene, 4 Spinner Wheels, 360 Degree Wheeling Luggage, Suitcase for Travel, Trolley Bags for Travel, Deep Forrest",Cabin,True,2999.0,15998.0,81.3,4.0,5506,2026-04-02T11:35:29Z,Unknown
Safari,B0F67J5S83,"Safari Cabin Genius Alley 55cm Trolley Bag Hard Case Polypropylene, 4 Spinner Wheels, 360 Degree Wheeling Carry on Luggage, Travel Bag, Suitcase for Travel, Trolley Bags for Travel, Navy",55cm,False,1399.0,6999.0,80.0,4.0,5506,2026-04-02T11:35:29Z,Cabin
Safari,B097BG6DX1,"Safari Cabin Pentagon Pro 8 Wheels 55Cm Trolley Bag Hard Case Polypropylene, 360º Wheeling Carry on Luggage for Men & Women, Suitcase for Travel, Navy",55cm,False,1699.0,8999.0,81.1,4.2,33739,2026-04-02T11:35:29Z,Cabin
Safari,B097BH338H,"Safari Pentagon Pro 8 Wheels Cabin Trolley Bag Polypropylene Hard Case, 360º Wheeling Carry on Luggage for Men & Women, Suitcase for Travel, Black, 55 cm",55cm,False,1699.0,8999.0,81.1,4.2,33739,2026-04-02T11:35:30Z,Cabin
Safari,B0FLYFYT23,"Safari Genius Alley Set of 3 (Cabin + Medium + Large) Trolley Bags Hard Case Polypropylene, 4 Wheels, 360 Degree Wheeling Luggage, Suitcase for Travel, Trolley Bags for Travel, Deep Forrest",Cabin,True,4449.0,27997.0,84.1,4.0,5506,2026-04-02T11:35:30Z,Unknown
Safari,B0F67L3Y72,"Safari Medium Genius Alley 66cm Size Check-in Trolley Bag Hard Case Polypropylene, 4 Spinner Wheels, 360 Degree Wheeling Luggage, Travel Bag, Suitcase for Travel, Trolley Bags for Travel, Black",66cm,False,1899.0,8999.0,78.9,4.0,5506,2026-04-02T11:35:30Z,Medium
Safari,B097GR45SS,"Safari Pentagon Pro 8 Wheels 66cm Medium Size Trolley Bag, Hard Case Polypropylene, 360º Wheeling Check in Luggage, Suitcase for Travel, Trolley Bags for Travel, Luxury Beige",66cm,False,2299.0,10999.0,79.1,4.2,33739,2026-04-02T11:35:30Z,Medium
Safari,B0FLYJ6H77,"Safari Genius Alley 66cm Medium Check-in Trolley Bag Hard Case Polypropylene, 4 Spinner Wheels, 360 Degree Wheeling Luggage, Travel Bag, Suitcase for Travel, Trolley Bags for Travel, Flintstone",66cm,False,1899.0,8999.0,78.9,4.0,5506,2026-04-02T11:35:30Z,Medium
Safari,B097JMXLT9,"Safari Medium Thorium Neo 8 Wheels 66 Cm Check-in Trolley Bag Hard Case Polycarbonate 360 Degree Wheeling System Luggage, Trolley Bags for Travel, Suitcase for Travel, Graphite Blue",66cm,False,2499.0,9800.0,74.5,4.0,28031,2026-04-02T11:35:31Z,Medium
Safari,B097JMLPTC,"Safari Cabin Thorium Neo 8 Wheels 55 Cm Small Trolley Bag Hard Case Polycarbonate 360 Degree Wheeling System Luggage, Trolley Bags for Travel, Suitcase for Travel, Black",55cm,False,1999.0,7800.0,74.4,4.0,28031,2026-04-02T11:35:31Z,Cabin
Safari,B097B45LDH,"Safari Thorium Royale 8 Wheels 66cm Medium Size Trolley Bag Hard Case Checkin Polycarbonate Luggage, TSA Lock, Wet Pouch Organized Interior, Suitcase for Travel, Trolley Bags for Travel, Vanilla Tan",66cm,False,2999.0,12999.0,76.9,4.0,15119,2026-04-02T11:35:31Z,Medium
Safari,B0FGJNGFTK,"Safari Luma Neo 8 Wheels 66cm Medium Size Trolley Bag, Hard Case Printed Polycarbonate, 360 Degree Wheeling Checkin Luggage for Men & Women, Suitcase for Travel, Trolley Bags for Travel, Multicolour",66cm,False,2499.0,11999.0,79.2,4.0,1128,2026-04-02T11:35:31Z,Medium
Safari,B0FNDHTZGX,"Safari Genius Theo 8 Wheels 55cm Cabin Size Trolley Bag, Hard Case Polycarbonate, 360 Degree Wheeling Small Carry-on Luggage, Suitcase for Travel, Trolley Bags for Travel, Pearl Blue",55cm,False,1599.0,7199.0,77.8,4.1,1094,2026-04-02T11:35:31Z,Cabin
Safari,B097JK7SP2,Safari Medium Persia 65 Cms Check-in Hardside Polycarbonate 8 Wheels Luggage/Speed_Wheel Suitcase/Trolley Bag (Pearl Blue),65cm,False,2699.0,9140.0,70.5,4.1,4654,2026-04-02T11:35:31Z,Medium
Skybags,B0C8ZY4579,"Skybags Cabin Stroke Abs Hardshell Luggage (55 Cm) | Printed Luggage 4 Wheel Inline Trolley Bag with 8 Wheels and in-Built Combination Lock | Unisex, Blue and White, Small",55cm,False,1624.0,4450.0,63.5,4.1,2472,2026-04-02T11:39:45Z,Cabin
Skybags,B0C8ZF42YV,"Skybags Large Trooper Size Abs Hardshell Luggage (75 Cm) | Printed Luggage Inline Trolley Bag with 4 Wheels and Resetable Combination Lock | Unisex, Green, Large",75cm,False,3699.0,10920.0,66.1,4.2,21493,2026-04-02T11:39:48Z,Large
Skybags,B07HCRSLFY,Skybags Rubik Polyester 78 Cms Softsided Large check-in luggage,78cm,False,3099.0,9050.0,65.8,4.2,18948,2026-04-02T11:39:49Z,XL
Skybags,B0FFB8YYQD,"Skybags Streax | Cabin Trolley Bag, 55 Cm, Small Hardside Luggage | 8 Wheels, Combination Lock | Polypropylene | Suitcase for Travel | 5 Year International Warranty | Turquoise",55cm,False,1699.0,6000.0,71.7,4.2,377,2026-04-02T11:39:49Z,Cabin
Skybags,B0C8ZNNCQW,"Skybags Medium Stroke Size Abs Hard Luggage (67 Cm)|Printed Luggage Trolley with 8 Spinner Wheels and in-Built Combination Lock|Unisex, Blue and White",67cm,False,2299.0,6450.0,64.4,4.1,2472,2026-04-02T11:39:50Z,Medium
Skybags,B0CPSSB4BN,"Skybags Cabin Paratrip Hardshell Luggage (55 Cm) | Polypropylene Luggage 4 Wheel Inline Trolley Bag with 8 Wheels | Bumblebee | Unisex, Small, Yellow",55cm,False,1699.0,7060.0,75.9,4.4,766,2026-04-02T11:39:50Z,Cabin
Skybags,B0CPSW5WJ5,Skybags Cabin Paratrip Hard Luggage (55 cm) | Polypropylene Luggage Trolley with 8 Spinner Wheels| Purple Oppulence | Unisex,55cm,False,1699.0,7060.0,75.9,4.4,766,2026-04-02T11:39:50Z,Cabin
Skybags,B073JSGMRS,Skybags Cardiff Polyester 63.5 cms Red Travel Duffle (DFTCAR62ERED) (DFTCAR62RED),Unknown,False,1089.0,4620.0,76.4,4.2,5699,2026-04-02T11:39:50Z,Unknown
Skybags,B0D9P1LQ13,Skybags Cabin Acrylonitrile Butadiene Styrene (Abs) Trooper Hard Luggage (55Cm) | Luggage Trolley with 4 Spinner Wheels and Resettable Combination Lock | Black Medium,55cm,False,2399.0,6825.0,64.8,4.2,21493,2026-04-02T11:39:51Z,Cabin
Skybags,B0FFBBFSY3,"Skybags Streax | Check-in Trolley Bag, 66 Cm, Medium Hardside Luggage | 8 Wheels, Combination Lock | Polypropylene | Suitcase for Travel | 5 Year International Warranty | Coral",66cm,False,2249.0,7500.0,70.0,4.2,377,2026-04-02T11:39:51Z,Medium
Skybags,B0FPRB7FBJ,Skybags Lush Cabin Hard Luggage (55 cm) | Printed Luggage Trolley with 8 Wheels and TSA Lock | Lime-Blue | Unisex,55cm,False,2149.0,5375.0,60.0,4.1,2472,2026-04-02T11:39:51Z,Cabin
Skybags,B0FFBD54QX,"Skybags Streax | Check-in Trolley Bag, 66 Cm, Medium Hardside Luggage | 8 Wheels, Combination Lock | Polypropylene | Suitcase for Travel | 5 Year International Warranty | Black",66cm,False,2249.0,7500.0,70.0,4.2,377,2026-04-02T11:39:51Z,Medium
Skybags,B0FPRDV92Q,"Skybags Lush Cabin Hard Luggage (55 cm) | Printed Luggage Trolley with 8 Wheels and TSA Lock | Pink-Blue | Unisex, Polycarbonate (PC), Spinner Wheel",55cm,False,2150.0,5375.0,60.0,4.1,2472,2026-04-02T11:39:51Z,Cabin
Skybags,B0D9NZVJQ4,Skybags Cabin Acrylonitrile Butadiene Styrene (Abs) Trooper Hard Luggage (55Cm) | Luggage Trolley with 4 Spinner Wheels and Resettable Combination Lock | Lime Green Small,55cm,False,2399.0,6825.0,64.8,4.2,21493,2026-04-02T11:39:52Z,Cabin
American Tourister,B09RPLYFXJ,"American Tourister Medium Trolley Bag for Travel | Upland Spinner 68 Cms Polypropylene Hardsided Check-in Luggage Bag | Suitcase for Travel | Trolley Bag for Travelling, Marine Blue",68cm,False,2549.0,8490.0,70.0,4.2,580,2026-04-02T11:44:06Z,Medium
American Tourister,B0FGNDM616,American Tourister Liftoff FTL | Small Size Cabin Trolley Bag (55 cm) | 360° 8 Wheel Travel Luggage with Laptop Compartment | Hard Case Polypropylene Suitcase | Recessed TSA Lock with USB Port | Black,55cm,False,4299.0,9000.0,52.2,4.1,2259,2026-04-02T11:44:09Z,Cabin
American Tourister,B0F5HLY8ND,American Tourister Robotech | Large Size Check-in Trolley Bag (77 cm) | 360° 8 Wheel Travel Luggage | Hard Case Polycarbonate (PC) Suitcase | Recessed TSA Lock | Cadet Blue,77cm,False,5299.0,14600.0,63.7,4.1,2100,2026-04-02T11:44:10Z,XL
American Tourister,B09NSP5733,"American Tourister 8 Spinner Wheels Trolley Bag for Travel | AIRCONIC 55 Cms Polypropylene Hardsided Small Cabin Luggage Bag | Suitcase for Travel | Trolley Bag for Travelling, Black",55cm,False,5075.0,7250.0,30.0,4.0,49,2026-04-02T11:44:10Z,Cabin
American Tourister,B0F5HL94LK,American Tourister Ivy 2.0 | Small Size Cabin Trolley Bag (55 cm) | 360° 8 Wheel Travel Luggage | Hard Case Polypropylene (PP) Suitcase | Combination Lock | Black,55cm,False,2499.0,7300.0,65.8,4.2,6805,2026-04-02T11:44:10Z,Cabin
American Tourister,B0F5HKFPWR,American Tourister Ivy 2.0 | Medium Size Check-in Trolley Bag (68 cm) | 360° 8 Wheel Travel Luggage | Hard Case Polypropylene (PP) Suitcase | Combination Lock | Blue Frog,68cm,False,2999.0,8450.0,64.5,4.2,6805,2026-04-02T11:44:10Z,Medium
American Tourister,B07Z417Y94,"American Tourister Cabin Trolley Bag for Travel | Upland Spinner 55 Cms Polypropylene Hardsided Small Luggage Bag | 4 Wheel Suitcase for Travel | Trolley Bag for Travelling, Black",55cm,False,2249.0,7190.0,68.7,4.2,580,2026-04-02T11:44:10Z,Cabin
American Tourister,B0F5HLYQK3,American Tourister Liftoff+ | Large Size Check-in Trolley Bag (79 cm) for Travel | 360° 8 Wheel Travel Luggage | Hard Case Polypropylene (PP) Suitcase | Mounted TSA Lock | Seafoam Blue,79cm,False,3799.0,9800.0,61.2,4.1,2259,2026-04-02T11:44:11Z,XL
American Tourister,B0F5HM58RR,American Tourister Liftoff+ | Large Size Check-in Trolley Bag (79 cm) for Travel | 360° 8 Wheel Travel Luggage | Hard Case Polypropylene (PP) Suitcase | Mounted TSA Lock | Spa Blue,79cm,False,3799.0,9800.0,61.2,4.1,2259,2026-04-02T11:44:11Z,XL
American Tourister,B0FHL163GQ,"American Tourister Ivy Spinner 68 CM Medium Check-in Polypropylene PP Hardside Luggage with Recessed TSA Lock, Trolley Bag with 4 Spinner Wheels for Smooth Travel for Men & Women - Pale Pink",68cm,False,2549.0,7900.0,67.7,4.2,19861,2026-04-02T11:44:11Z,Medium
American Tourister,B0F5HMZ7LW,American Tourister Liftoff+ | Medium Size Check-in Trolley Bag (67 cm) for Travel | 360° 8 Wheel Travel Luggage | Hard Case Polypropylene (PP) Suitcase | Mounted TSA Lock | Midnight Blue,67cm,False,3299.0,8600.0,61.6,4.1,2259,2026-04-02T11:44:11Z,Medium
American Tourister,B0D633NS5R,Kamiliant American Tourister Harrier | Trolley Bag Check-in Large Size (79 cms) for Travel| Hard Case Polypropylene (PP) Suitcase | 360° 4-Wheel Luggage Trolley | Combination Lock | Slate Grey,79cm,False,2399.0,12200.0,80.3,4.1,14750,2026-04-02T11:44:11Z,XL
American Tourister,B0F5HGLC5Q,American Tourister Liftoff+ | Small Size Cabin Trolley Bag (55 cm) for Travel | 360° 8 Wheel Travel Luggage | Hard Case Polypropylene (PP) Suitcase | Mounted TSA Lock | Dark Olive,55cm,False,2799.0,7500.0,62.7,4.1,2259,2026-04-02T11:44:11Z,Cabin
American Tourister,B0B6BVXCCD,"American Tourister Cabin Trolley Bag for Travel|Splash 55 Cms Polycarbonate Hardsided Small Luggage Bag|Speed_Wheel 8 Wheel Suitcase for Travel|Trolley Bag for Travelling, Coral/Teal",55cm,False,2585.0,4100.0,37.0,4.5,1229,2026-04-02T11:44:11Z,Cabin
American Tourister,B0F5HGKNSR,American Tourister Ivy 2.0 | Large Size Check-in Trolley Bag (79 cm) | 360° 8 Wheel Travel Luggage | Hard Case Polypropylene (PP) Suitcase | Combination Lock | Dark Forest,79cm,False,3499.0,9950.0,64.8,4.2,6805,2026-04-02T11:44:12Z,XL
VIP,B0F54LJ73J,VIP Lexus Check-in Trolley Bag 66cm | Medium | Hard Luggage | Smooth 8-Wheel Suitcase | Flushed TSA Lock with Anti-Theft Zipper | Robust Polypropylene Shell | 5 Years International Warranty (Coral),66cm,False,6380.0,14200.0,55.1,4.4,20,2026-04-02T11:48:34Z,Medium
VIP,B0D4S6YKL4,"VIP Polypropylene (PP) Quad Active Check-in 66 Cm (Medium) 8 Spinner Wheels Trolley Bags for Travel, Hard Case Lightweight Bag with Combination Lock, Tough Suitcase for Travel (Blue)",66cm,False,2399.0,9000.0,73.3,4.2,431,2026-04-02T11:48:37Z,Medium
VIP,B0CBTZP3CL,"VIP Unicorn Nxt 8W Str 80 Cm | Check-in Polyester Soft Sided 8 Wheels Spinner Trolleys (Blue, Large)",80cm,False,3029.0,14990.0,79.8,3.7,19,2026-04-02T11:48:37Z,XL
VIP,B0DD3W11L4,"VIP Corsa Check-in 66 Cm (Medium) 8 Wheels Trolley Bags for Travel, Hard Case Lightweight Bag with Combination Lock, Tough Suitcase for Travel (Black)",66cm,False,2199.0,9900.0,77.8,4.2,166,2026-04-02T11:48:37Z,Medium
VIP,B0DDLDXT8N,Skybags Splash Set (55+65+75 cm) | Printed Luggage Trolley Set with 8 Wheels and in-Built Combination Lock | Unisex (Blue),75cm,False,6339.0,19998.0,68.3,4.1,53,2026-04-02T11:48:38Z,Large
VIP,B0D4RDWVKY,"VIP Large Polypropylene (Pp) Quad Active Check-in 75 Cm 8 Spinner Wheels Hardshell Trolley Bag for Travel, Hard Case Lightweight Bag with Combination Lock, Tough Suitcase for Travel (Black) ()",75cm,False,3379.0,12600.0,73.2,4.2,431,2026-04-02T11:48:39Z,Large
VIP,B0D4RCQ3HJ,"VIP Quad Pro Check-in 65 Cm (Medium) 8 Spinner Wheels Trolley Bags for Travel, Hard Case Lightweight Bag with TSA Lock, Anti-Theft Zipper & Premium Interiors (Green)",65cm,False,2799.0,15000.0,81.3,4.2,55,2026-04-02T11:48:39Z,Medium
VIP,B0BH4J7QJP,"VIP Voyager Pro Ultra Strong Polypropylene Hard Sided Check-in Luggage Spinner Dual Wheels with Ergonomic Grip Handle (Large, 79cm, Blue)",79cm,False,3199.0,9770.0,67.3,3.7,39,2026-04-02T11:48:39Z,XL
VIP,B0F4K7T3BW,VIP Lexus Check-in Trolley Bag 66cm | Medium | Hard Luggage | Smooth 8-Wheel Suitcase | Flushed TSA Lock with Anti-Theft Zipper | Robust Polypropylene Shell | 5 Years International Warranty (Mustard),66cm,False,6380.0,14200.0,55.1,4.4,20,2026-04-02T11:48:39Z,Medium
VIP,B0CBTXMRKF,"VIP Unicorn Nxt 8W Str 80 Cm | Check-in Polyester Soft Sided 8 Wheels Spinner Trolleys (Maroon, Large)",80cm,False,3990.0,14990.0,73.4,4.8,12,2026-04-02T11:48:40Z,XL
VIP,B0C6Y4MQPP,"VIP Polyester Solid Pattern Knight 8W Exp Trolley Bag With Spinner Wheels Soft (H) 75 Red (Red, Large)",Large,False,2608.0,8960.0,70.9,3.2,2,2026-04-02T11:48:40Z,Unknown
VIP,B0FQ5H2KM5,"VIP Trolley Suitcase| 8 Wheels Spinner| TSA Lock| Polyester| Soft Sided| Premium Organiser with Wet Pocket (Navy Blue, Large (80 cm))",80cm,False,4799.0,12000.0,60.0,3.8,18,2026-04-02T11:48:40Z,XL
VIP,B09M8PZYSF,"VIP Widget Durable Polyester Soft Sided Check-in Luggage Spinner Wheels with Quick Access Front Pockets (Medium, 69cm, Blue)",69cm,False,2369.0,9240.0,74.4,4.2,1124,2026-04-02T11:48:41Z,Medium
VIP,B0D9LP7FPB,"VIP Plastic Zorro Cabin Trolley Bag, 55Cm | Small | Hardsided Luggage | Suitcase For Travel (Jet Black, 8, Spinner)",55cm,False,5300.0,10000.0,47.0,3.8,143,2026-04-02T11:48:41Z,Cabin
VIP,B0GPD6C91Q,VIP Vero Cabin/Medium/Large Trolley Bag| Slide Button Flushed TSA Lock | 8 Wheels | 3 Years International | Champagne/Lavander/Surf Spray,Cabin,False,3500.0,5275.0,33.6,,0,2026-04-02T11:48:41Z,Unknown
Aristocrat,B0FMF1QMKX,"Aristocrat Liberty Set of 3 (Cabin+Medium+Large) Trolley Bag, 58+68+78Cm | Combination Lock | 8 Wheels | 3 Years International Warranty | New Saddle Brown",78cm,True,4499.0,24775.0,81.8,4.2,1306,2026-04-02T11:53:02Z,XL
Aristocrat,B0FC6QHJD7,Aristocrat Polycarbonate Spinner Comet Cabin Trolley Bag 56cm|Small|Hard Luggage| Smooth 8-Wheel Suitcase|Combination Lock with Sturdy Zipper|Full Fabric Convipack|3-Year International Warranty (Grey),56cm,True,1439.0,7990.0,82.0,4.1,2434,2026-04-02T11:53:06Z,Cabin
Aristocrat,B0C8YW686H,Aristocrat Polyester Oasis Plus Large Size Soft Check in Spinner Luggage (79 Cm)|Spacious Polyeste Trolley with 4 Wheels and Combination Lock|Dazzling Red|Unisex| 3 Years Warranty,79cm,False,2479.0,11000.0,77.5,4.2,1037,2026-04-02T11:53:06Z,XL
Aristocrat,B0C8YWY72M,Aristocrat Skyway Large Size Soft Check in Luggage (79 cm) | Spacious Polyester Trolley with 4 Wheels and Combination Lock | Dazzling Maroon | Unisex| 3 Years Warranty,79cm,False,2699.0,11240.0,76.0,4.2,698,2026-04-02T11:53:06Z,XL
Aristocrat,B0FC6QHR4T,Aristocrat Polycarbonate Spinner Comet Cabin Trolley Bag 56cm|Small|Hard Luggage| Smooth 8-Wheel Suitcase|Combination Lock with Sturdy Zipper|Full Fabric Convipack|3-Year International Warranty (Blue),56cm,True,1439.0,7990.0,82.0,4.1,2434,2026-04-02T11:53:06Z,Cabin
Aristocrat,B0FPXH2SP9,Aristocrat Atlas Check-in Trolley Bag 66cm | Medium | Hard Luggage | Smooth 8-Wheel Suitcase | Secure Combination Lock with Sturdy Zipper | Full Fabric Convipack | 3-Year Warranty (Pearl White),66cm,True,2049.0,8490.0,75.9,4.1,1143,2026-04-02T11:53:07Z,Medium
Aristocrat,B0D4RCBZ6F,"Aristocrat Medium Polypropylene Airpro Spinner Check-in 66 Cm() 8 Wheels Trolley Bags for Travel Hard Case Luggage, Lightweight with Combination Lock & Robust Trolley with 3 Years Warranty (Blue)",66cm,False,1999.0,10000.0,80.0,4.1,12428,2026-04-02T11:53:07Z,Medium
Aristocrat,B0FC6L8H6G,"Aristocrat Comet Set of 2 Trolley Bag 56, 66cm | Small+Medium | Hard Luggage| Smooth 8-Wheel Suitcase| Combination Lock With Sturdy Zipper| Full Fabric Convipack | 3-year International Warranty (Grey)",66cm,True,3149.0,18880.0,83.3,4.1,2434,2026-04-02T11:53:07Z,Medium
Aristocrat,B0DG2CJQCW,"Aristocrat Cabin Airpro Plus 55 Cm(Small) 8 Wheel Spinners Trolley Bags for Travel Hard Case Luggage, Lightweight Bag with TSA Lock & Anti-Theft Zipper(Blue)",55cm,False,1499.0,7700.0,80.5,4.1,1689,2026-04-02T11:53:08Z,Cabin
Aristocrat,B0C1K6D51D,Aristocrat Large Commander 79Cms Premium Polyester with PVC Coating Soft Sided Check-in 4 Wheels Black Spinner Suitcase,79cm,False,2609.0,11240.0,76.8,4.3,1787,2026-04-02T11:53:08Z,XL
Aristocrat,B0FPCJX1TR,Aristocrat Drift Check-in Expander Trolley Bag 69cm | Medium | Soft Luggage | Smooth 8-Wheel Suitcase | Secure Combination Lock with Sturdy Zipper | Robust Construction | 3-Year Warranty (Blue),69cm,False,2029.0,9375.0,78.4,4.2,621,2026-04-02T11:53:08Z,Medium
Aristocrat,B0D4RFFV4Z,"Aristocrat Cabin Polypropylene (PP) Airpro 55 Cm(Small) 8 Wheels Trolley Bags for Travel Hard Case Luggage,Lightweight Bag with Combination Lock & Robust Spinner Trolley with 3 Years Warranty (Green)",55cm,False,1699.0,7500.0,77.3,4.1,12428,2026-04-02T11:53:09Z,Cabin
Aristocrat,B0C1K7PRVL,Aristocrat Medium Commander 69Cms Premium Polyester with PVC Coating Soft Sided Check-in 4 Spinner Wheels Green Suitcase,69cm,False,2119.0,9300.0,77.2,4.3,1787,2026-04-02T11:53:09Z,Medium
Aristocrat,B0BRN1XLSS,"Aristocrat Medium Airpro Check-in 66 Cm() Polypropylene 360 Degree 8 Wheels Trolley Bags for Travel Hard Case Luggage, Lightweight with Combination Lock & Robust Trolley with 3 Years Warranty (Black)",66cm,False,1999.0,10000.0,80.0,4.1,12428,2026-04-02T11:53:09Z,Medium
