brand,asin,star_rating,review_body,verified_purchase,review_hash,scraped_at
Safari,B097BG27MD,4.0,Good product.,True,af81af5a825b,2026-04-02T11:35:52Z
Safari,B097BG27MD,5.0,"Comparing this with other company (sky bag/ American tourister) based on the quality and price we any how preferred it better .
Yes some other company brands with little lesser price could be also option . For now this is better.",True,305243a93a1f,2026-04-02T11:35:52Z
Safari,B097BG27MD,5.0,Fantastic colour good packaging। Quality good wheels smooth,True,30bf5518c85f,2026-04-02T11:35:52Z
Safari,B097BG27MD,5.0,Good build quality,True,f5d4e9f11c4c,2026-04-02T11:35:52Z
Safari,B097BG27MD,5.0,Khupach chan aahe.,True,951129d6d066,2026-04-02T11:35:52Z
Safari,B097BG27MD,2.0,"Buy only if you travel in your own car or plane ,I bought it and just in one trip of bus luggage area it developed scratches and now really look bad I feel like wasted money , also look for other options it's just good looking, you will literally feel bad if spending hard earned money",True,fbe11a989166,2026-04-02T11:35:52Z
Safari,B097BG27MD,2.0,"I have been using this trolley bag for a few weeks, and I’m really impressed with its quality. The material feels strong and non-breakable, making it perfect for regular travel without worrying about wear and tear",False,78c92196c0fd,2026-04-02T11:35:52Z
Safari,B097BG27MD,3.0,Ander kapra fata hei,True,7b52fbbd182a,2026-04-02T11:35:52Z
Safari,B097BG27MD,1.0,"Ordered set of 3(large,medium,cabin size) received only one bag(large size)",True,8d07d01078b9,2026-04-02T11:35:52Z
Safari,B097BG27MD,5.0,"Received locked product, unable to open.",True,18b527433061,2026-04-02T11:35:52Z
Safari,B0FLYJD912,1.0,I am not like this your product please take your back your order,True,8da826d137b0,2026-04-02T11:36:08Z
Safari,B0FLYJD912,1.0,Order set of 3 and received only 1,True,a2dd2e9ba98e,2026-04-02T11:36:08Z
Safari,B0FLYJD912,2.0,very disappointing,True,0ebda1552a29,2026-04-02T11:36:08Z
Safari,B0FLYJD912,1.0,Very poor,True,9c138290a397,2026-04-02T11:36:08Z
Safari,B0FLYJD912,3.0,Light weight and easy to move but the handle is fragile and wobbles while dragging the trolley bag. Quality isn't that good.,True,01e89bcc5956,2026-04-02T11:36:09Z
Safari,B0FLYJD912,3.0,Iska password open nahi ho rha ....plz guide kare,True,a74e988bb8f1,2026-04-02T11:36:09Z
Safari,B0FLYJD912,5.0,My order first order on 20/3/26 cost of my order 1399rs but my order is returned from my delivery location without my information and I order again on24/3/26 same seller but cost is 100rs high please return my 100rs enough price,True,1bfc57dc82e2,2026-04-02T11:36:09Z
Safari,B0FLYJD912,4.0,Good,True,755f85c2723b,2026-04-02T11:36:09Z
Safari,B0FLYJD912,2.0,Not value of money. I ordered it and the handle was broken of the medium size trolley,True,ca0db0a9856b,2026-04-02T11:36:09Z
Safari,B0FLYJD912,5.0,.,True,5058f1af8388,2026-04-02T11:36:09Z
Safari,B097JMXLT9,5.0,Material quality too good. I put extra weights in the bag and still there is no tear to the clothes. Also the chain quality is too good.,True,a81f0260705a,2026-04-02T11:38:09Z
Safari,B097JMXLT9,1.0,"One use and paint coming off logo, lock code resets every time I use it, wheels are worn off badly, all just in one use. Very disappointing quality",True,18503d2a6b51,2026-04-02T11:38:10Z
Safari,B097JMXLT9,5.0,Have used it for so many trips and it’s so strong and sturdy. It is hard in plastic and does not break. The handle is smooth and can be turn in 360 degrees easily without any hassle.,True,d9cccea97bc3,2026-04-02T11:38:10Z
Safari,B097JMXLT9,1.0,"Worest experience for all the Safari product.This is my third trolley bag that have a lock issue.The set pin was not working for any bag.We have faced this issue not only for one time,its happening again and again.Also the product quality is not good as expected.If any option is there I would have given 0 rating for this brand.Times to moove from Safari.",True,0c1acc3d362c,2026-04-02T11:38:10Z
Safari,B097JMXLT9,5.0,Reasonable price and good quality along finishing and looking wise good also,True,a7a1d3975117,2026-04-02T11:38:10Z
Safari,B097JMXLT9,1.0,बहुत ही खराब प्रोडक्ट दो माह के इस्तेमाल बाद हैंडल टूट गया,True,7cf63930a033,2026-04-02T11:38:10Z
Safari,B097JMXLT9,1.0,The suicase should not dispatche inlock condition. The expert services was taken then the lock get open. The lock combination was not delivered outside the bag.,True,c58a286f4cec,2026-04-02T11:38:10Z
Safari,B097JMXLT9,1.0,"Size chart is very manipulative.
Bought the large one 77. It's not 77 and 56 exactly.
Otherwise material is good.",True,d3f01e30f99a,2026-04-02T11:38:10Z
Safari,B097JMXLT9,5.0,Quality and colour both are good. The green colour is very trendy and I gifted this trolley to one of my friend. She really liked it.,True,a0b57c16b3ae,2026-04-02T11:38:10Z
Safari,B097JMXLT9,1.0,"Worst set of bags I've seen. In the larger bag, the telescopic handle refuses to budget and in the smaller one, the lock isn't opening!! Safari has really gone down in quality recently. Just look at the number of explainer videos on YouTube for how to unlock a stuck safari lock!",True,61f6500fa578,2026-04-02T11:38:10Z
Safari,B097JMLPTC,1.0,Handle struck not pulling out hence returned the same day order received.,True,77dcc5907254,2026-04-02T11:38:24Z
Safari,B097B45LDH,5.0,Best,True,db82206b1d49,2026-04-02T11:38:37Z
Safari,B097B45LDH,1.0,Very bed quality. During traveling the open n it creat lots of problem. Never suggest anyone to buy it,True,9ffd74cf4b70,2026-04-02T11:38:37Z
Safari,B097B45LDH,5.0,"Good quality, decent size and comes with a wet pouch which is helpful for all toiletries.",True,e4d838979c71,2026-04-02T11:38:37Z
Safari,B097B45LDH,5.0,"Quality, color and durable. It's been a year I bought this. Loved it.",True,c5d501f82b97,2026-04-02T11:38:37Z
Safari,B097B45LDH,2.0,the inside pocket zip was good. It was damaged hence will place a replacement,True,d5d2ae4a66d4,2026-04-02T11:38:37Z
Safari,B097B45LDH,5.0,நல்ல குவாலிட்டி,True,101839862c19,2026-04-02T11:38:38Z
Safari,B097B45LDH,1.0,Lock is not working,True,bb293d5f122f,2026-04-02T11:38:38Z
Safari,B097B45LDH,1.0,Received used bag with scratches and marks. Won’t recommend to anyone.,True,b1f4a41ab670,2026-04-02T11:38:38Z
Safari,B097B45LDH,3.0,It's pretty average.,True,77913a0a9595,2026-04-02T11:38:38Z
Safari,B097B45LDH,1.0,"When it came it was dirty like its used product
N chain is not working in two weeks only",True,593f24e2e041,2026-04-02T11:38:38Z
Safari,B0FGJNGFTK,4.0,"I need big sizes, this is too small, pls changes and sending big sizes",True,bde3019b08df,2026-04-02T11:38:53Z
Safari,B0FGJNGFTK,2.0,Product is very poor quality hence returning,True,900e0d603d14,2026-04-02T11:38:53Z
Safari,B0FGJNGFTK,5.0,Smallest,True,a9a92beab8eb,2026-04-02T11:38:53Z
Safari,B0FGJNGFTK,5.0,Comfort and value for money 💰,True,658ba4d778e1,2026-04-02T11:38:53Z
Safari,B0FGJNGFTK,5.0,Good Quality and Styling look,True,a594c15272f5,2026-04-02T11:38:53Z
Safari,B0FGJNGFTK,5.0,Very good 💯,True,9a232f3fe14a,2026-04-02T11:38:53Z
Safari,B0FGJNGFTK,1.0,"Verry low quality product is received.
Product is not good.
Verry thin.
One place is not Stich chain
Loss of money",False,cbf31e6a59c7,2026-04-02T11:38:53Z
Safari,B0FGJNGFTK,5.0,Value of money,True,a27cc62f94dc,2026-04-02T11:38:53Z
Safari,B0FGJNGFTK,3.0,"Never buy trolley bag from online, my sincere request to all. Even if you are buying by seeing lower price, be prepare for defective products.",True,ad9e717963ff,2026-04-02T11:38:53Z
Safari,B0FGJNGFTK,1.0,Not good product,True,b4cf6a8f249c,2026-04-02T11:38:53Z
Safari,B0FNDHTZGX,1.0,The height is not 76cm. It is 67cm. Don't know why this is so inaccurate! Little disappointed with team Amazon.,False,48196bc5dd1f,2026-04-02T11:39:08Z
Safari,B0FNDHTZGX,1.0,"Have order 3 bags set, But recived one only",True,0ac94ebaedac,2026-04-02T11:39:08Z
Safari,B0FNDHTZGX,5.0,"Marvelous
More than expected",True,57c3646cefb1,2026-04-02T11:39:08Z
Safari,B0FNDHTZGX,5.0,The quality is good,True,9dc08a08ed87,2026-04-02T11:39:08Z
Safari,B0FNDHTZGX,5.0,"Colour and quality is Very good, Like it
Looks beautiful👍",True,eec7921afd05,2026-04-02T11:39:08Z
Safari,B0FNDHTZGX,5.0,"Nice colour combination.
Built quality also good.",True,6d6edd22d172,2026-04-02T11:39:08Z
Safari,B0FNDHTZGX,1.0,"Very bed quality, trolley was broken from upper handel head",True,7ce1d42e44c8,2026-04-02T11:39:08Z
Safari,B0FNDHTZGX,3.0,Chain is not good and handle bhi loose hai,True,5bcef4576e65,2026-04-02T11:39:08Z
Safari,B0FNDHTZGX,5.0,Cost effective..light weight......single person weekly tour easily ...smothly...can be done...,True,0616cc6efafe,2026-04-02T11:39:08Z
Safari,B0FNDHTZGX,1.0,"Zip quality is not good few tread are broken.
I’m not required this product want to raise return of the product",False,325a04e942cf,2026-04-02T11:39:08Z
Safari,B097JK7SP2,4.0,good product,True,e64305ac4dfe,2026-04-02T11:39:23Z
Safari,B097JK7SP2,3.0,Unable to peen the lock with 000,True,080b516860ab,2026-04-02T11:39:23Z
Safari,B097JK7SP2,1.0,Very bad product...dont buy,True,026c999d4824,2026-04-02T11:39:23Z
Safari,B097JK7SP2,5.0,Good quality,True,294d8ee689e4,2026-04-02T11:39:23Z
Safari,B097JK7SP2,1.0,Don’t ever buy products from Safari via amazon the quality is not good at all and when you want to return it they say we can’t help it as it is “Third Party”. My 6000 rs are stuck since December and they are not even ready to take any action against it.,False,3d714ca902b2,2026-04-02T11:39:23Z
Safari,B097JK7SP2,5.0,Excellent,True,7a3af604e52e,2026-04-02T11:39:23Z
Safari,B097JK7SP2,5.0,Good item.... Match with specification shown in Amazon... Satisfied,True,f16ad353a2de,2026-04-02T11:39:23Z
Safari,B097JK7SP2,1.0,I have ordered 3 set of Bag.. but I received only 1 large Bag.. Totally disappointed.,True,c7ff09460d7f,2026-04-02T11:39:23Z
Skybags,B0C8ZY4579,1.0,Bad product not strong this wheel 👎🏻,True,72aa7a0eb680,2026-04-02T11:40:12Z
Skybags,B0C8ZY4579,1.0,Name shows 81 cms but the suitcase description is 65cms received 65 cms,True,c95e9aa94950,2026-04-02T11:40:12Z
Skybags,B0C8ZY4579,5.0,This is nice.,True,304dd7570f40,2026-04-02T11:40:12Z
Skybags,B0C8ZY4579,4.0,Overall good product,True,260c49eac465,2026-04-02T11:40:12Z
Skybags,B0C8ZY4579,3.0,"I am in love with this Skybags Lush set! The pink-blue print is even more vibrant in person and makes it so easy to spot at the airport. The 8 dual wheels provide effortless 360-degree movement, and the TSA lock gives me total peace of mind for international trips. The scratch-resistant finish actually works, keeping the bags looking premium even after rough handling. If you want a mix of style, security, and durability.",True,d55d862e2888,2026-04-02T11:40:12Z
Skybags,B0C8ZF42YV,5.0,It's just fantabulous ! Go for it,True,16197db24a83,2026-04-02T11:40:27Z
Skybags,B0C8ZF42YV,5.0,The product is very good as expected but we did not recive the total set as shown in Picture i.e set of 03 bags not recived only 02 set recived,True,0e528b6e9c14,2026-04-02T11:40:27Z
Skybags,B0C8ZF42YV,1.0,First they sent me someother product in the suitcase box then did a return gave me faulty chain which is not working properly. They claim to have 5 year warranty but dont know how to claim it.,True,217d4fa7d014,2026-04-02T11:40:27Z
Skybags,B0C8ZF42YV,5.0,nice,True,7c6483ddcd99,2026-04-02T11:40:27Z
Skybags,B0C8ZF42YV,5.0,very nice and exlent super 👌👌👌👌,True,3946ed40710b,2026-04-02T11:40:27Z
Skybags,B0C8ZF42YV,5.0,It's very good. Colour is so bright.,True,44461459292f,2026-04-02T11:40:27Z
Skybags,B0C8ZF42YV,5.0,Best cabin trolley,True,cc6d6b86f687,2026-04-02T11:40:27Z
Skybags,B0C8ZF42YV,5.0,Great deal!! Hopefully it will resist the flight!,True,396898156823,2026-04-02T11:40:27Z
Skybags,B0C8ZF42YV,2.0,"Unfirtunately from the date of delivery, I could not check the item. Yesterday return window closed and today morning when I checked the item the zip is found faulty and the item is now useless.

Now I request for replacement or refund of amount.",True,0e6493472808,2026-04-02T11:40:27Z
Skybags,B07HCRSLFY,5.0,"Had ordered it for someone else, they loved the suitcase. Very durable and has good capacity.
Worth buying it. Sturdy enough",True,e4955e7c1cc1,2026-04-02T11:40:42Z
Skybags,B07HCRSLFY,1.0,Lock not working,True,7206a01c2371,2026-04-02T11:40:42Z
Skybags,B07HCRSLFY,5.0,Very nice product,True,2866855ae466,2026-04-02T11:40:42Z
Skybags,B07HCRSLFY,5.0,Nice cloth,True,302998a024da,2026-04-02T11:40:42Z
Skybags,B07HCRSLFY,5.0,"Good quality cabin suitcase from VIP Group, I used same item last five years, then brought one more",True,ca580c41d6c2,2026-04-02T11:40:42Z
Skybags,B07HCRSLFY,5.0,The trolleybag has traveled so many countries with me without any hassle,True,0c8dad192e7e,2026-04-02T11:40:42Z
Skybags,B07HCRSLFY,1.0,Na to isme price tag h or bag ka handle b cuta hua h or mujhe jaise mila h waise hi return kar rahi lekin y return b nahi le rahe,True,7a5bde3b3456,2026-04-02T11:40:42Z
Skybags,B07HCRSLFY,1.0,"Only after one use, the item was defective. This is meant to be a robust trolly but it cannot handle a single travel.",True,49d64e1ba71c,2026-04-02T11:40:42Z
Skybags,B07HCRSLFY,4.0,Very good,True,7920a89e592d,2026-04-02T11:40:42Z
Skybags,B07HCRSLFY,5.0,Quality is so good,True,850de7897683,2026-04-02T11:40:42Z
Skybags,B0FFB8YYQD,5.0,Very good product,True,f989d57de057,2026-04-02T11:40:58Z
Skybags,B0FFB8YYQD,5.0,Awesome,True,be121740bf98,2026-04-02T11:40:58Z
Skybags,B0FFB8YYQD,1.0,"Such a pathetic product. I seriously considered taking action against Amazon and Skybags for selling something this substandard and wasting my time. From a reputed brand and a platform of that scale, I expected at least basic quality, not this kind of negligence.

The product arrived with 2 holes in it, completely unacceptable. This clearly shows a lack of proper quality checks before dispatch. If this is the standard they are maintaining, it’s disappointing and unacceptable.

I returned it immediately. The only saving grace was the quick refund process, which was handled well. But that does not excuse the poor product quality in the first place.",True,d32ce8601f1b,2026-04-02T11:40:58Z
Skybags,B0FFB8YYQD,5.0,"This has is Good value for money. Wheels are sturdy.
Go for it",True,3517f0d9b8fd,2026-04-02T11:40:58Z
Skybags,B0FFB8YYQD,5.0,They are very strong and sturdy and very spacious,True,0ac2310537d3,2026-04-02T11:40:58Z
Skybags,B0FFB8YYQD,1.0,Bad,True,bae60998ffe4,2026-04-02T11:40:59Z
Skybags,B0FFB8YYQD,4.0,Same brand all of you was going but sent different colour,True,899546c06dd0,2026-04-02T11:40:59Z
Skybags,B0FFB8YYQD,5.0,Perfect,True,826ad6b03383,2026-04-02T11:40:59Z
Skybags,B0CPSSB4BN,3.0,"The item itself seems okay, we’ll see how it is in use later.
But… i ordered yellow (which is 200 rps more expensive, but I received a purple. That’s bad, guys",True,d7e7aed168ac,2026-04-02T11:41:40Z
Skybags,B0CPSSB4BN,5.0,Product is good sturdy and no scratches anywhere,True,87cf2d013915,2026-04-02T11:41:41Z
Skybags,B0CPSSB4BN,4.0,It is not strong enough,True,31c3a85dd7f9,2026-04-02T11:41:41Z
Skybags,B0CPSSB4BN,5.0,Wow,True,bcedc450f848,2026-04-02T11:41:41Z
Skybags,B0CPSSB4BN,4.0,Very nice and easy to use...,True,70e057cb58bb,2026-04-02T11:41:41Z
Skybags,B0CPSSB4BN,5.0,Size & quality,True,9e4e9d73fea1,2026-04-02T11:41:41Z
Skybags,B0CPSSB4BN,3.0,Zipper is missing,True,d0b67b1218fe,2026-04-02T11:41:41Z
Skybags,B0CPSSB4BN,5.0,Very good quality product as it is very worth but little price should have decrease it .Colour was so pretty matching and well packed.👌✨✨💜💜4/5,True,080ef991f674,2026-04-02T11:41:41Z
Skybags,B073JSGMRS,5.0,"The Skybags Cardiff Polyester 63.5 cms Red Travel Duffle (DFTCAR62ERED) is a great blend of style, durability, and practicality, making it an excellent choice for both short trips and extended travel.

Design & Build Quality:
The first thing that stands out is its vibrant red color, which gives it a bold and modern look. Made from high-quality polyester, the bag feels sturdy and durable, capable of handling regular use without wear and tear. The stitching is strong, and the zippers glide smoothly, adding to the overall premium feel.

Storage & Capacity:
With a size of 63.5 cm, this duffle offers ample space for clothes, shoes, and travel essentials. It easily accommodates packing for a 3–5 day trip. The main compartment is spacious, and additional pockets help keep smaller items organized.

Portability & Comfort:
The bag comes with both carry handles and an adjustable shoulder strap, providing flexibility in carrying. Even when fully packed, it remains relatively comfortable to carry. The lightweight design is an added advantage for travelers who want to avoid extra bulk.

Durability:
Skybags has done a good job ensuring the material can withstand rough handling during travel. Whether you’re using it for road trips, gym sessions, or short vacations, it holds up well over time.

Pros:
• Eye-catching and stylish design
• Spacious interior with good organization
• Durable polyester material
• Lightweight and easy to carry
• Smooth and reliable zippers

Cons:
• Lacks trolley wheels (not ideal for heavy packing)
• Limited external compartments

Final Verdict:
The Skybags Cardiff Red Travel Duffle is a dependable and stylish option for travelers looking for a spacious yet lightweight bag. It offers great value for money and is especially suitable for short trips, gym use, or weekend getaways.

Rating: 4.5/5",True,dbddaf9b9e88,2026-04-02T11:42:12Z
Skybags,B073JSGMRS,4.0,Good product and quality too,True,9fdbeabad078,2026-04-02T11:42:12Z
Skybags,B073JSGMRS,5.0,Repeat purchase. Value for money and durable,True,b9103f2053b4,2026-04-02T11:42:12Z
Skybags,B073JSGMRS,3.0,"PRO - Good, spacious, smooth zips, 2 external pockets for that little extra and quick access.

CONS - Gone are the days where quality used to be top notch. I have been using my American tourister suitcase (surviving few ""world famous airline mishandeling"" trips) for 18 years with only a little chain issue. But this bag could not survive 2 train trips. Handle just broke while pulling the bag...",True,bef6e3fcb9b2,2026-04-02T11:42:12Z
Skybags,B073JSGMRS,5.0,Looks durable. Worth buying. Very good product,True,cde6813835c3,2026-04-02T11:42:12Z
Skybags,B073JSGMRS,4.0,highly recommended duffle bag..worth buying.,True,1b924bdc67e2,2026-04-02T11:42:12Z
Skybags,B073JSGMRS,2.0,Quality of bag was good but there was damage in bag requested for replacement,True,c1a5816dd727,2026-04-02T11:42:13Z
Skybags,B073JSGMRS,2.0,"The bag is too big I wonder who can lift that bag if it filled completely. About product: Extremely good polyester, chains especially wheels are strong & free.",True,13657d2db623,2026-04-02T11:42:13Z
American Tourister,B09RPLYFXJ,2.0,Overall product is good but the zipping of the product is cheaper,True,cd34203cb1a2,2026-04-02T11:44:33Z
American Tourister,B09RPLYFXJ,1.0,The item was small and poor quality. Have immediately initiated return on the same day of delivery (18th mar 2026) but it is neither picked up nor money is refunded.,True,51a073b65fb8,2026-04-02T11:44:33Z
American Tourister,B09RPLYFXJ,5.0,"Mainly ordered for the colour (red/maroon), as I was not getting much options when it came to colour in American Tourister..",False,14366ff842f3,2026-04-02T11:44:33Z
American Tourister,B09RPLYFXJ,4.0,Good and stylish matte black colour but handle is little bit thin not feel strong otherwise product is good at this price range,True,298b72b14a82,2026-04-02T11:44:33Z
American Tourister,B09RPLYFXJ,4.0,Good to go,True,53c178d5500f,2026-04-02T11:44:33Z
American Tourister,B09RPLYFXJ,1.0,"“The inner chain hook is missing, and the stitching is not proper.”",True,b032985b01e8,2026-04-02T11:44:33Z
American Tourister,B09RPLYFXJ,5.0,Awesome!,True,a755a6cad18b,2026-04-02T11:44:33Z
American Tourister,B09RPLYFXJ,1.0,Quality of the bag was really bad and I didn't expect a product from American tourister to be of this low quality. The grab handle of the trolley was very weak and not at all sturdy.,True,cb878dbaee4a,2026-04-02T11:44:33Z
American Tourister,B09RPLYFXJ,5.0,Qualoty,True,b4452ed49bc9,2026-04-02T11:44:33Z
American Tourister,B0FGNDM616,2.0,"Handle Quality is worst...please check before the last return day. I trusted Amazon and American turoister so didn't check before last day of return. You check everything.

Very disappointed..",True,3360999cd306,2026-04-02T11:44:47Z
American Tourister,B0FGNDM616,2.0,Color faded in 1 year just keeping in the room,True,360305eb9046,2026-04-02T11:44:47Z
American Tourister,B0FGNDM616,1.0,Item is without TSA lock.,True,b7c61c266788,2026-04-02T11:44:47Z
American Tourister,B0FGNDM616,4.0,Goog at quality but colour shade looks some difference in reality,True,d2d0e4198990,2026-04-02T11:44:48Z
American Tourister,B0FGNDM616,1.0,The set of 3 was ordered and received one.,True,a4397c7e1194,2026-04-02T11:44:48Z
American Tourister,B0FGNDM616,5.0,Sturdy and light weight in economical price,True,00f66c017992,2026-04-02T11:44:48Z
American Tourister,B0FGNDM616,4.0,"Not value for money, weight was less, that’s the pros
And the handling thing was not thick, its somehow felt like not durable, but overall it was okey",True,7eaca56358c4,2026-04-02T11:44:48Z
American Tourister,B0FGNDM616,3.0,"Bought 2 bags, case quality is good but one bag’s lock got stuck",True,1066633be61f,2026-04-02T11:44:48Z
American Tourister,B0F5HLY8ND,1.0,"Very delicate, It’s not suitable for long tour by connecting flights.
I can’t imagine this much poor quality manufacturing by Aristocrat .",True,f0be6f7c7445,2026-04-02T11:45:03Z
American Tourister,B0F5HLY8ND,4.0,Very good and useful for our journey,True,0b180b3705c2,2026-04-02T11:45:03Z
American Tourister,B0F5HLY8ND,5.0,Original and value for money.,True,bb7a27c4efb1,2026-04-02T11:45:03Z
American Tourister,B0F5HLY8ND,5.0,Very good nice product 100000%worth for money,True,aef7847428e0,2026-04-02T11:45:03Z
American Tourister,B0F5HLY8ND,3.0,"Super bag color. High zip quality. Lite weight bag. Gorgeous lock function , easily carry cloths, smoth travelling in floor",False,17e6fbf557e1,2026-04-02T11:45:03Z
American Tourister,B0F5HLY8ND,4.0,Nice product,True,92c3f23d0707,2026-04-02T11:45:03Z
American Tourister,B0F5HLY8ND,1.0,Worst quality as this is very light weight model/material. It's broken :(,True,41695a018562,2026-04-02T11:45:03Z
American Tourister,B0F5HLY8ND,5.0,"Go for it, size, colour nd finish all r good",True,f1b2d1691ce2,2026-04-02T11:45:03Z
American Tourister,B0F5HLY8ND,5.0,Very usuful,True,e8b6c2005e3c,2026-04-02T11:45:03Z
American Tourister,B09NSP5733,3.0,"This is an older version, does not have the wheel stoppers.",True,44916937b1c7,2026-04-02T11:45:18Z
American Tourister,B09NSP5733,3.0,"Looks great, but the material is too thin - bends to slight pressure - worried it’ll crack or break when we check in for long haul flights",True,f094ec8d4381,2026-04-02T11:45:18Z
American Tourister,B09NSP5733,3.0,"Previous purchase had zip band peeled off issues hence unable to secure after 6 months of use,",True,d993d68b81b3,2026-04-02T11:45:18Z
American Tourister,B09NSP5733,5.0,"Sturdy, smooth wheels, slightly less spaceous",True,e93867f04513,2026-04-02T11:45:18Z
American Tourister,B09NSP5733,1.0,"First time I got a used product and second time post replacement the trolley had dents and was discoloured.

I was however very happy with he service from Amazon. The reason why you stick to one app. Delivery experience, exchange experience the customer service everything very organised. Just provided them the pics and everything was taken care.",True,e1875d388537,2026-04-02T11:45:18Z
American Tourister,B09NSP5733,1.0,The produce delivered in damaged condition and material lost its life. Very bad,True,f57c01fd1738,2026-04-02T11:45:18Z
American Tourister,B09NSP5733,5.0,"The weight of the overall bag is really light. Also the Quality and material is really sturdy, good and lightweight.
The lock type is a combination along with TSA Lock.
It came with a bag cover.",True,faae26a41e16,2026-04-02T11:45:18Z
American Tourister,B09NSP5733,1.0,"The 000 code not working, how can I open this ?",True,6830cb238eb2,2026-04-02T11:45:18Z
American Tourister,B0F5HL94LK,5.0,Love it,True,38811055f648,2026-04-02T11:45:34Z
American Tourister,B0F5HL94LK,4.0,"The set is good, colour is nice and there are no scratches or anything.
The overall build quality of the bags and the quality of the wheels and the handles feels a bit weak/flimsy but at this price point can't really complain as in the stores the sets start from 13k onwards.
If anyone wants a decent set of bags in a limited budget then you can definitely purchase this set. It is definitely value for money.",True,20fbb75db637,2026-04-02T11:45:34Z
American Tourister,B0F5HL94LK,5.0,Amazing😍😍😍😍😍😍😍 so nice,True,554c7452ab30,2026-04-02T11:45:34Z
American Tourister,B0F5HL94LK,5.0,Awesome go for it without any doubt..,True,037521df3a16,2026-04-02T11:45:34Z
American Tourister,B0F5HL94LK,5.0,All ok,True,7f63c7e69e84,2026-04-02T11:45:34Z
American Tourister,B0F5HL94LK,3.0,The chain broke when i first opened it.,True,2cd521700a19,2026-04-02T11:45:34Z
American Tourister,B0F5HL94LK,5.0,Good product in excellent condition and very good packaging.,True,b974c6738fae,2026-04-02T11:45:34Z
American Tourister,B0FHL163GQ,1.0,Damged,True,75bacfaa43fb,2026-04-02T11:46:49Z
American Tourister,B0FHL163GQ,5.0,Very nice one,True,a981291cc3e3,2026-04-02T11:46:50Z
American Tourister,B0FHL163GQ,4.0,"looks wise its awesome. Initially there was a hitch with lock system, learnt how to unlock by watching you tube. . Now its perfect, The way i wanted.",True,a0f38ef7843f,2026-04-02T11:46:50Z
American Tourister,B0FHL163GQ,1.0,Can’t open the lock,True,7edb075ff057,2026-04-02T11:46:50Z
American Tourister,B0FHL163GQ,5.0,Super quality,True,b5b68a8de6d1,2026-04-02T11:46:50Z
American Tourister,B0FHL163GQ,1.0,Have barely used it. Zip splits open. Cannot be used. Amazon refuses. To help,True,9fcec53359c1,2026-04-02T11:46:50Z
American Tourister,B0FHL163GQ,5.0,"JHAKAAS.
Nice & light weight.

Very good lock system. Very spacious. Good for 15 days trip.",True,ea4a261fe792,2026-04-02T11:46:50Z
American Tourister,B0D633NS5R,1.0,"Third class product don't baing not a good product
Very light and bogus I am not aspects amezon very bad quality",False,6a8bd4c3c80b,2026-04-02T11:47:22Z
American Tourister,B0D633NS5R,4.0,"Quality product, lightweight",True,aaada0f0f1bd,2026-04-02T11:47:22Z
American Tourister,B0D633NS5R,5.0,Excellent and Comfortable for journey. Price reasonable. I suggest all my friends and well wishers to buy the same. Hope for Reward Points. Thanks,True,f0ef57cb8872,2026-04-02T11:47:22Z
American Tourister,B0D633NS5R,1.0,Poor Quality Product damaged,True,2d1b828edd5e,2026-04-02T11:47:22Z
American Tourister,B0D633NS5R,2.0,"Trolley bag is of low grade quality,internal space is very less, not expanded like other bags ,size issue, quality issue.",True,7bb2fd076c48,2026-04-02T11:47:22Z
American Tourister,B0D633NS5R,5.0,Value for money,True,78d0975a374e,2026-04-02T11:47:22Z
American Tourister,B0D633NS5R,1.0,"Very bad
Delivered with out cover",True,031008eff9c8,2026-04-02T11:47:22Z
American Tourister,B0D633NS5R,5.0,"It's great, Go for it !",True,ed93cb5e73bb,2026-04-02T11:47:22Z
American Tourister,B0B6BVXCCD,3.0,Product is nice but I added one birthday note which was not sent with product which is disappointed and not as expected,False,71a978c47701,2026-04-02T11:47:52Z
American Tourister,B0B6BVXCCD,1.0,"There is no stickers on the suitcase waste of money, size is also very small better don't buy it,, not at all worthable.",True,38cf3b928d15,2026-04-02T11:47:53Z
American Tourister,B0B6BVXCCD,5.0,Good quality product having nice look,True,920a8bf16ccf,2026-04-02T11:47:53Z
American Tourister,B0B6BVXCCD,2.0,Item weight is more than promised in advertisements on Amazon,True,f60b2453f262,2026-04-02T11:47:53Z
American Tourister,B0B6BVXCCD,5.0,Extremely good at reasonable rates,True,406529277f26,2026-04-02T11:47:53Z
VIP,B0F54LJ73J,3.0,The color is beautiful however the suitcase weighs more than 2kgs so that's incorrect information provided. It's more than 3kg weight!,True,32c4b26224d4,2026-04-02T11:49:00Z
VIP,B0F54LJ73J,5.0,Well product,True,07363872446d,2026-04-02T11:49:00Z
VIP,B0F54LJ73J,3.0,"material used for the manufacturing does not appear to be of high quality, it looks to be very fragile. However, no keys are provided for the suitcases and also in instructions are given to set up locks.",True,3605d37be87f,2026-04-02T11:49:00Z
VIP,B0D4S6YKL4,1.0,Not good,True,8a84d00005e8,2026-04-02T11:49:14Z
VIP,B0D4S6YKL4,5.0,"Durable,amazing",True,3e1287335fa7,2026-04-02T11:49:14Z
VIP,B0D4S6YKL4,5.0,"Order return delivery boy behevior is so bad
And delivery boy so bad product is good buy delivery boy behevior so bad",False,9bd782b63fc0,2026-04-02T11:49:14Z
VIP,B0D4S6YKL4,5.0,Fantastic product..... absolute value for money.,True,df5953cc6c9e,2026-04-02T11:49:14Z
VIP,B0D4S6YKL4,1.0,It's not hard.. it can break easily,True,164f92f89dfa,2026-04-02T11:49:14Z
VIP,B0D4S6YKL4,3.0,Size is smaller than Medium sized bags from other brands.. No separate zip pocket inside to separate wet items.. The retractable handle feels flimsy.. Overall the bag feels delicate..,True,5fb735a9bbbe,2026-04-02T11:49:14Z
VIP,B0D4S6YKL4,5.0,Nice and Awesome product,True,d48ca60c8945,2026-04-02T11:49:14Z
VIP,B0D4S6YKL4,5.0,A very well known product like it's name,True,bd8f732d7322,2026-04-02T11:49:14Z
VIP,B0CBTZP3CL,4.0,Ordered this despite very few reviews and received it today. The suitcase seems sturdy and well made so far. No complaints on initial inspection. We will take in for a trip overseas and update how it holds up.,True,9381b2191d8a,2026-04-02T11:49:29Z
VIP,B0CBTZP3CL,1.0,"Low Quality, less strong look like",True,2d92e3e3e485,2026-04-02T11:49:29Z
VIP,B0CBTZP3CL,5.0,Ok,True,444bcb3a3fcf,2026-04-02T11:49:29Z
VIP,B0CBTZP3CL,2.0,Zippers are very hard,True,08e01c8a2770,2026-04-02T11:49:29Z
VIP,B0CBTZP3CL,4.0,"good. checks all the boxes, tyre quality looks a little wanting.",True,475675281c25,2026-04-02T11:49:29Z
VIP,B0CBTZP3CL,5.0,It has a good ample of space and sturdy design.,True,c2a92199cfe8,2026-04-02T11:49:29Z
VIP,B0DD3W11L4,5.0,Quality is very good.,True,0c71db5e3d12,2026-04-02T11:49:43Z
VIP,B0DD3W11L4,5.0,Best suitcase till now....stylish and strong.,True,d73887631a64,2026-04-02T11:49:43Z
VIP,B0DD3W11L4,2.0,Product was under size . I ordered a large one but the dimensions of the luggage were more towards medium.,True,69f12ce52505,2026-04-02T11:49:44Z
VIP,B0DD3W11L4,5.0,Quality is good,True,e4ed6158b3bc,2026-04-02T11:49:44Z
VIP,B0DD3W11L4,5.0,टनाटन है। कोई दिक्कत नहीं है।,True,303268970202,2026-04-02T11:49:44Z
VIP,B0DD3W11L4,5.0,"The product is awesome in terms of quality, color, value for money, weight. We had a lock opening issue with the smaller bag and had to visit the store to get it unlocked, other than that its a good purchase.",True,3d127d85afee,2026-04-02T11:49:44Z
VIP,B0DD3W11L4,1.0,"Received defective & damaged product. Manufacturing defect as Zipper wrongly fixed inside-out, thus making it impossible to open the zipper without tearing the cover cloth. This is exactly what the seller must have done - tear the cloth to access and pull open the zipper. Further more, even the Pull piece of the Zipper wasn't there. Such lapses are totally unexpected from such a reputed brand. Lesson learnt - ""Never to buy such items online"". Total waste of money & time.",True,4ab51e50b2f4,2026-04-02T11:49:44Z
VIP,B0DDLDXT8N,4.0,Good product but other app price compare p Amazon app product prices high,True,135d8ca3eabe,2026-04-02T11:49:59Z
VIP,B0DDLDXT8N,1.0,Very low quality,True,8309ee6de5f4,2026-04-02T11:49:59Z
VIP,B0DDLDXT8N,1.0,The body was sturdy but the Zips were so fragile as they broke open on first use itself. Highly risky to use this on travel,True,ef6da03e0b80,2026-04-02T11:50:00Z
VIP,B0DDLDXT8N,1.0,"I think it's scratched everywhere, protective film is torn also somewhere",True,1664cd132599,2026-04-02T11:50:00Z
VIP,B0DDLDXT8N,5.0,Nice looking best quality,True,248fcbc2d070,2026-04-02T11:50:00Z
VIP,B0DDLDXT8N,5.0,Best in quality and cost.,True,0685dcb3d550,2026-04-02T11:50:00Z
VIP,B0DDLDXT8N,5.0,Good bag,True,0e6ffa022822,2026-04-02T11:50:00Z
VIP,B0DDLDXT8N,5.0,The product is very nice,True,52205bd8e5ce,2026-04-02T11:50:00Z
VIP,B0DDLDXT8N,5.0,Quality is good ❤️,True,1d4bdc3f39f0,2026-04-02T11:50:00Z
VIP,B0D4RCQ3HJ,4.0,अच्छे क्वालिटी है।खरीदने योग्य है,True,616e7605ea36,2026-04-02T11:50:30Z
VIP,B0D4RCQ3HJ,5.0,"I’m absolutely delighted with it. This bag is the perfect combination of style, functionality, and quality. The hard case body feels sturdy yet lightweight, making it ideal for short trips. The 8 spinner wheels glide smoothly in all directions, which makes airport navigation a breeze.

The TSA-approved lock adds a sense of security, especially during international travel, and the anti-theft zipper is a great bonus feature. I also loved the premium interiors—very neat and well-organized, with enough space for essentials. The green color gives it a refreshing and stylish look. Overall, it's compact, beautiful, and packed with smart features. Highly recommended!",True,2a2d77490870,2026-04-02T11:50:30Z
VIP,B0D4RCQ3HJ,1.0,Sub standard quality product is delivered. Seems duplicate. Don't buy. I regret my decision.,True,549d849361ed,2026-04-02T11:50:30Z
VIP,B0D4RCQ3HJ,1.0,"Sadly because of less travel time and other products not meeting the criteria I had to keep it.
Quality and practicality of bag is good. Wheels are smooth flowing. Lightweight.
Seller made a good up by sending wrong size and it was difficult to make amazon customer care understand my situation, replacement bag was at my doorstep but because of system issue I could not get it and had to attempt redelivery.",True,6c4f5e82f0ad,2026-04-02T11:50:31Z
VIP,B0D4RCQ3HJ,4.0,Dual anti theft chain at low budget,True,90b1da351844,2026-04-02T11:50:31Z
VIP,B0BH4J7QJP,5.0,Very strong and spacious,True,1ae3738006e9,2026-04-02T11:50:45Z
VIP,B0BH4J7QJP,3.0,"Zip quality is not good, it is torn.",True,ff62855aad29,2026-04-02T11:50:45Z
VIP,B0BH4J7QJP,1.0,Wheel broken in first use,True,fd98bfafa550,2026-04-02T11:50:46Z
VIP,B0BH4J7QJP,2.0,Please don’t buy this product in future .,True,ce033d7e7f76,2026-04-02T11:50:46Z
VIP,B0CBTXMRKF,5.0,Good one much space,True,2e7d776c2108,2026-04-02T11:51:15Z
VIP,B0CBTXMRKF,5.0,Beautiful and strong product,True,3a164c272f71,2026-04-02T11:51:15Z
VIP,B0CBTXMRKF,5.0,This bag is too big for me,True,3e55c14a8b22,2026-04-02T11:51:15Z
VIP,B0CBTXMRKF,5.0,"This product has a zipper bag inside also for documents, so it is better than many others",True,947afaaa1271,2026-04-02T11:51:15Z
VIP,B0C6Y4MQPP,1.0,Duplicate product,True,3636df319ac4,2026-04-02T11:51:30Z
VIP,B0FQ5H2KM5,1.0,Don’t purchase bad quality even they can not pick up this when u return and create refund issue also,True,18c16df60198,2026-04-02T11:51:44Z
VIP,B0FQ5H2KM5,4.0,The weight of the suitcase is 4kg not 2.2kg as mentioned in the product description.,True,bc0d84d74b89,2026-04-02T11:51:45Z
VIP,B09M8PZYSF,5.0,Great quality at good price,True,d9658729310c,2026-04-02T11:51:58Z
VIP,B09M8PZYSF,5.0,handle breaked,True,dbf53fa71ca1,2026-04-02T11:51:58Z
VIP,B09M8PZYSF,1.0,All tyres are broken and damaged like second hand and used bags,True,2c4dc3486f0d,2026-04-02T11:51:58Z
VIP,B09M8PZYSF,1.0,"Very poor quality, wheels broken in just one use.
Poor Stitching

Not Happy and Suggestion NO to buy.",True,be31ce0ca894,2026-04-02T11:51:58Z
VIP,B09M8PZYSF,5.0,"Sturdy material, good quality, good price (under 5000 Rs). Value for money. We can stash last minute packings on the side zip storage.",True,5597f7f38881,2026-04-02T11:51:59Z
VIP,B09M8PZYSF,5.0,The product I received met all expectations and was free of defects. We appreciate you providing such a high-quality product at a competitive price.,True,7f5e160ed09d,2026-04-02T11:51:59Z
VIP,B09M8PZYSF,1.0,"Very poor service. Not recommend.
Lot of trouble for getting the product. They cancel without consent. Not at all professional",False,dc425fa83d4b,2026-04-02T11:51:59Z
VIP,B09M8PZYSF,5.0,As per price it's good product..,True,ad077d09bb6f,2026-04-02T11:51:59Z
VIP,B0D9LP7FPB,1.0,The zip quality is not good. It gave way after 2-3 uses,True,b9cac771279f,2026-04-02T11:52:15Z
VIP,B0D9LP7FPB,5.0,"NO IF NO BUT ITS VIP.

Good PRODUCT",True,9af4fd5edefd,2026-04-02T11:52:15Z
VIP,B0D9LP7FPB,5.0,Worth of what it is made for.,True,f528fb7788b8,2026-04-02T11:52:15Z
VIP,B0D9LP7FPB,5.0,Nice product with front laptop (15.6 inch compatible) & tab (Samsung Galaxy S8 Ultra compatible) compartment......,True,2b91082a16c7,2026-04-02T11:52:15Z
VIP,B0D9LP7FPB,4.0,The day it was delivered I have scheduled a return for this item as it’s smaller and less space than expected. Amazon is not initiating the return. And there is no option to reach out to the team.,True,3c0df18f3b3f,2026-04-02T11:52:15Z
VIP,B0D9LP7FPB,2.0,VIP ka D product lagta hai,True,ff94af914149,2026-04-02T11:52:15Z
VIP,B0D9LP7FPB,1.0,Delivered with deep scratches,True,72272e780811,2026-04-02T11:52:16Z
VIP,B0D9LP7FPB,4.0,Worthy product. That seperate zip for laptop is the reason I bought this and that is working very well. Perfect for for my laptop 15.6 inch.,True,0af6d3b8bf4b,2026-04-02T11:52:16Z
VIP,B0D9LP7FPB,1.0,Handle is faulty as it goes down frequently while rolling. Unexpected from VIP.,True,98fc112fa929,2026-04-02T11:52:16Z
VIP,B0D9LP7FPB,1.0,Handle not even hang for a minute,True,da6536a0ada6,2026-04-02T11:52:16Z
Aristocrat,B0FMF1QMKX,1.0,Lock not working properly. Kindly replace,True,47bf6bbbe40d,2026-04-02T11:53:28Z
Aristocrat,B0FMF1QMKX,3.0,It's ok,True,7ba9fe9e1ef0,2026-04-02T11:53:28Z
Aristocrat,B0FMF1QMKX,5.0,"This Bag is Very Good at this Price, bag quality and color is good, wheels are strong enough, Size is impressive, The weight remain balanced on pulling it.
Overall A good Product at such a price",True,a0c022b32530,2026-04-02T11:53:28Z
Aristocrat,B0FMF1QMKX,3.0,"Product is ok but I got different colour
I doesn't receive what colour I ordered",True,bf5f830f8f68,2026-04-02T11:53:28Z
Aristocrat,B0FMF1QMKX,5.0,Excellent Product very spacious and the trolley handle is quite sturdy. Wheels are super smooth. Overall a very good purchase.,True,f481bfa91a7a,2026-04-02T11:53:28Z
Aristocrat,B0FMF1QMKX,5.0,At this rate very good,True,b9119006c809,2026-04-02T11:53:29Z
Aristocrat,B0FMF1QMKX,5.0,Excellent product,True,f73551272af7,2026-04-02T11:53:29Z
Aristocrat,B0FC6QHJD7,1.0,"This bag is not comfortable
Can you give me another iteam instead",True,9fd9983b04fa,2026-04-02T11:53:44Z
Aristocrat,B0FC6QHJD7,5.0,Branded with lower price in Amazon.,True,901b91adb4e7,2026-04-02T11:53:44Z
Aristocrat,B0FC6QHJD7,4.0,Solid product,True,0d19639512d8,2026-04-02T11:53:44Z
Aristocrat,B0FC6QHJD7,5.0,The colour is brilliant as well,True,68c4fa9c1cac,2026-04-02T11:53:44Z
Aristocrat,B0FC6QHJD7,5.0,Its really worth 200% worth,True,56d35182ec54,2026-04-02T11:53:45Z
Aristocrat,B0FC6QHJD7,2.0,CHEEP QUALITY IN THE NAME OF DISCOUNT,True,aef8546c0a38,2026-04-02T11:53:45Z
Aristocrat,B0FC6QHJD7,4.0,Compared with another brand may be slightly quality dip but this trolley is 1000 les than that brand,True,ab5c388caaa5,2026-04-02T11:53:45Z
Aristocrat,B0FC6QHJD7,2.0,Quality is low,True,8ea9fd68c058,2026-04-02T11:53:45Z
Aristocrat,B0FC6QHJD7,2.0,Zip fail,True,e02e99198c23,2026-04-02T11:53:45Z
Aristocrat,B0C8YW686H,5.0,"More space, durable, worth it",True,33df5d90aa5a,2026-04-02T11:53:58Z
Aristocrat,B0C8YW686H,5.0,I really love it quility also superb 👌,True,a1b112878fc1,2026-04-02T11:53:59Z
Aristocrat,B0C8YW686H,3.0,It's quality is not good,True,411d4f592abb,2026-04-02T11:53:59Z
Aristocrat,B0C8YW686H,5.0,Very good quality in reasonable price. Recommended,True,f1a4c3a8ddd2,2026-04-02T11:53:59Z
Aristocrat,B0C8YW686H,1.0,"Not worth the brand
Disappointed by the worst quality of the bag
Lock didnt support even one trip
Had to return it due to low quality and broken lock
Also was torn from above",True,52dfab1504ab,2026-04-02T11:53:59Z
Aristocrat,B0C8YW686H,5.0,Nice no problem,True,85ec1bbe064d,2026-04-02T11:53:59Z
Aristocrat,B0C8YW686H,5.0,Wonderful Wonderful Product,True,fdb77b29dd59,2026-04-02T11:53:59Z
Aristocrat,B0C8YWY72M,5.0,"I’m really happy with this luggage set—excellent build quality and very stylish teal color that stands out. The bags are quite spacious and perfect for different travel needs, from short trips to long vacations. The wheels move smoothly, making it very easy to handle even when fully loaded. The material feels durable and the combination lock adds extra security. Overall, a great value-for-money purchase and highly recommended for frequent travelers! ✈️",True,31c32253f1b7,2026-04-02T11:54:14Z
Aristocrat,B0C8YWY72M,5.0,Was very comfy to lift. Well packed. Best product and workmanship sturdy andvstrong,True,4d86e440c061,2026-04-02T11:54:14Z
Aristocrat,B0C8YWY72M,5.0,"Seems like good quality. It was about 3.5kg, would have been better if it could have been lighter",True,1a11ac702288,2026-04-02T11:54:14Z
Aristocrat,B0C8YWY72M,5.0,Product is good. Have not used it as of now for travel but only stuffed clothes and kept it. Overall looks good and sturdy and spacious for a fortnight travel.,True,a1965866b401,2026-04-02T11:54:15Z
Aristocrat,B0C8YWY72M,1.0,product is good but the size is big nd filled up cancelation detail but still no one is there to pick if someone know to to this plz help h me the window for return is still showing someone will pick up it’s around 3 weeks one is there to up this order,True,98dbf2e631de,2026-04-02T11:54:15Z
Aristocrat,B0C8YWY72M,4.0,As good as its price.,True,7ddac9a54af4,2026-04-02T11:54:15Z
Aristocrat,B0C8YWY72M,5.0,Got for good price. Worth the money spent.,True,33da08d9f132,2026-04-02T11:54:15Z
Aristocrat,B0C8YWY72M,5.0,"Good quality ,soft ,durable and good looking large size suitcase for check in baggage. Sturdy construction.",True,1f50a65dfaeb,2026-04-02T11:54:15Z
Aristocrat,B0FPXH2SP9,2.0,"very light material, cheap quality, poor zip quality. One of the zipheads on the inside missing when received. Although price is less, the quality is so cheap and light, I feel I overpaid. If I am travelling with this, I will have to wrap it up.",True,a767296fc60e,2026-04-02T11:55:02Z
Aristocrat,B0FPXH2SP9,1.0,Received only 1 in set of 2,True,35d086440f8e,2026-04-02T11:55:03Z
Aristocrat,B0FPXH2SP9,1.0,Worst product I got replaced once and again got the damaged one . Want to replace again but dnt got any option . Fed up of that now. Returning the order now,True,732c4fcc3cc3,2026-04-02T11:55:03Z
Aristocrat,B0FPXH2SP9,2.0,The build quality is very bad. It doesn't looks sturdy. The plastic quality is very bad and deforms easily. Waste of money. Zips got damaged in first trip. It won't last long than 3 days trip,True,fafb2440ae4e,2026-04-02T11:55:03Z
Aristocrat,B0FPXH2SP9,1.0,Its bottom zip broken,True,2180a9a40c65,2026-04-02T11:55:03Z
Aristocrat,B0FPXH2SP9,3.0,Material is not sturdy. Average quality. Zips are good.,True,7f9c2e80e0ae,2026-04-02T11:55:04Z
Aristocrat,B0FPXH2SP9,5.0,Looks great for the price point! Will travel with it and see how it feels over time.,True,4a835336dfb7,2026-04-02T11:55:04Z
Aristocrat,B0D4RCBZ6F,4.0,Really good. I am using for a 1 year and really good,True,6a638d2e73b7,2026-04-02T11:55:19Z
Aristocrat,B0D4RCBZ6F,5.0,Received a very good quality and surprised with three cabin bags on Deepavali Festival,True,41e921892d9a,2026-04-02T11:55:20Z
Aristocrat,B0D4RCBZ6F,5.0,👍,True,0215ac4dab1e,2026-04-02T11:55:20Z
Aristocrat,B0D4RCBZ6F,5.0,Very nice,True,9f1460a9e8c4,2026-04-02T11:55:20Z
Aristocrat,B0D4RCBZ6F,1.0,Quality is so bad that it has been degraded in just one year. Shape of all the three bag is gone and has been lowered from top and bottom. PFA the pics. Kindly do-the needful.,True,ec05bfcaf92f,2026-04-02T11:55:20Z
Aristocrat,B0D4RCBZ6F,5.0,"Light weight, easy to handle and good color",True,1f2b00a7d73d,2026-04-02T11:55:20Z
Aristocrat,B0DG2CJQCW,4.0,"Good product. The quality was better than expected. Lock functionality of the case is the best feature. Overall, a good product to buy at affordable price.",False,e413e85f6172,2026-04-02T11:55:52Z
Aristocrat,B0DG2CJQCW,1.0,"Roung color and roung डिज़ाइन ओके मुझे विश्वास नहीं हो रहा है कि कम्पनी yesa bhi करेगी मैं इसको वापस कर देता लेकिन मेरे pass time nhi hai Q की मुझे इलेक्शन ड्यूटी में जाना है ओके,,",True,b12a7205a3be,2026-04-02T11:55:52Z
Aristocrat,B0DG2CJQCW,1.0,I had received with its 1 wheel was not fixed at all it was as if it's kept seperately so I had to return,True,4f5d392c4eb3,2026-04-02T11:55:52Z
Aristocrat,B0DG2CJQCW,4.0,"I just loved it, it's looks nice",True,68c6e7679783,2026-04-02T11:55:52Z
Aristocrat,B0DG2CJQCW,2.0,The only thing missing is zipped compartments,True,e7f5457bda64,2026-04-02T11:55:52Z
Aristocrat,B0DG2CJQCW,5.0,👌👌👌❤️❤️❤️❤️🥰🥰🥰🥰 bahut badhiya hai pecking bhi bhut achi hai,True,013a6044e961,2026-04-02T11:55:52Z
Aristocrat,B0DG2CJQCW,4.0,Seems to be good,True,86eeda93f55b,2026-04-02T11:55:52Z
Aristocrat,B0C1K6D51D,4.0,"Olive green ordered but received
Black colour",True,3bc536e1880f,2026-04-02T11:56:05Z
Aristocrat,B0C1K6D51D,5.0,Quality is good and value for money,True,65b8bd15a7e6,2026-04-02T11:56:06Z
Aristocrat,B0C1K6D51D,3.0,"Quality and look is good but the measurements shown is not correct, it's not a 55cm box , it's 47cm so I have to exchange it",True,b002508aa78d,2026-04-02T11:56:06Z
Aristocrat,B0C1K6D51D,5.0,Realygood quality,True,824458caa6ef,2026-04-02T11:56:06Z
Aristocrat,B0C1K6D51D,1.0,Product is good. What about 3 years warranty?,True,c4e31166157e,2026-04-02T11:56:06Z
Aristocrat,B0C1K6D51D,3.0,It got torn tge very next day,True,122abac0a0f6,2026-04-02T11:56:06Z
Aristocrat,B0C1K6D51D,5.0,Wonderfull,True,7879317e59ff,2026-04-02T11:56:06Z
Aristocrat,B0C1K6D51D,5.0,"Weighs light, sturdy and durable. Good value and Brand guarantee.",True,abefd58a1993,2026-04-02T11:56:06Z
Aristocrat,B0FPCJX1TR,1.0,Item is not received why and not damaged I am not returning please re send this item item is ok,False,49eaf7e4b5a8,2026-04-02T11:56:21Z
Aristocrat,B0FPCJX1TR,5.0,Very good annd quality troli bag,True,141a5d081301,2026-04-02T11:56:21Z
Aristocrat,B0FPCJX1TR,5.0,"The Aristocrat Trigon soft-side luggage set is lightweight, sturdy, and easy to maneuver with smooth 4-spinner wheels. The bags are spacious with good storage compartments, making them perfect for family trips. Stylish design and great value for money. Highly recommended for frequent travelers! ✈️",True,c4a7495891d3,2026-04-02T11:56:21Z
Aristocrat,B0FPCJX1TR,4.0,It is good product at this price range but its handle is little loose,True,a8f96685b95d,2026-04-02T11:56:21Z
Aristocrat,B0FPCJX1TR,5.0,This is the best offer I ever have in such a very less price. All bags are easy to use. Looks classy.Durable,True,4695ce9de4fa,2026-04-02T11:56:21Z
Aristocrat,B0FPCJX1TR,4.0,Average quality lift weight,True,3ce572c47de2,2026-04-02T11:56:21Z
Aristocrat,B0FPCJX1TR,5.0,बहुत ही अच्छा है।जैसा देख है वैसा ही है।,True,60c00dae868f,2026-04-02T11:56:21Z
Aristocrat,B0FPCJX1TR,1.0,"It is Bangladeshi product, I have retuned. And if you talk about quality it is just 700-800 rupee product.",True,90b3ae32a82c,2026-04-02T11:56:21Z
